City_ID,City,Country,Date,Lat,Lng,Max Temp,Humidity,Cloudiness,Wind Speed
0,Chuy,UY,2020-07-08 02:44:09,-33.7,-53.46,50.88,74,100,8.63
1,Peniche,PT,2020-07-08 02:44:09,39.36,-9.38,64.99,85,88,5.01
2,San Juan,AR,2020-07-08 02:44:10,-31.54,-68.54,41.95,65,0,3.36
3,Botwood,CA,2020-07-08 02:44:10,49.15,-55.35,60.8,77,20,10.29
4,Cabo San Lucas,MX,2020-07-08 02:41:56,22.89,-109.91,91.4,45,5,11.41
5,Souillac,MU,2020-07-08 02:44:10,-20.52,57.52,71.6,83,75,8.05
6,Cape Town,ZA,2020-07-08 02:39:27,-33.93,18.42,43.0,93,12,5.82
7,Butaritari,KI,2020-07-08 02:44:10,3.07,172.79,83.59,72,4,11.77
8,Bushehr,IR,2020-07-08 02:44:10,28.97,50.84,86.0,84,0,6.93
9,Provideniya,RU,2020-07-08 02:44:10,64.38,-173.3,44.6,93,90,8.95
10,Surt,LY,2020-07-08 02:44:11,31.21,16.59,73.2,83,0,7.99
11,Rikitea,PF,2020-07-08 02:44:11,-23.12,-134.97,68.99,79,75,19.01
12,Rocha,UY,2020-07-08 02:44:11,-34.48,-54.33,46.49,75,100,6.15
13,Albany,US,2020-07-08 02:40:12,42.6,-73.97,73.99,70,27,8.12
14,Te Anau,NZ,2020-07-08 02:44:11,-45.42,167.72,40.03,86,76,2.82
15,North Bend,US,2020-07-08 02:44:11,43.41,-124.22,68.0,72,20,9.17
16,Puerto Ayora,EC,2020-07-08 02:44:11,-0.74,-90.35,69.01,94,62,5.01
17,Esperance,AU,2020-07-08 02:44:12,-33.87,121.9,58.23,65,34,19.3
18,Sampit,ID,2020-07-08 02:44:12,-2.53,112.95,86.47,65,19,4.97
19,Kushmurun,KZ,2020-07-08 02:44:12,52.45,64.63,74.08,63,18,5.28
20,Saint George,US,2020-07-08 02:40:23,37.1,-113.58,100.4,5,1,20.8
21,Port Alfred,ZA,2020-07-08 02:44:12,-33.59,26.89,53.01,87,4,4.0
22,Kousseri,CM,2020-07-08 02:44:12,12.08,15.03,73.4,88,74,1.12
23,Carnarvon,AU,2020-07-08 02:44:12,-24.87,113.63,66.2,45,0,17.22
24,Aripuana,BR,2020-07-08 02:44:13,-9.17,-60.63,73.09,60,0,1.19
25,Khatanga,RU,2020-07-08 02:44:13,71.97,102.5,60.53,46,20,15.57
26,Banepa,NP,2020-07-08 02:44:13,27.63,85.52,75.2,88,40,2.24
27,Olinda,BR,2020-07-08 02:44:13,-8.01,-34.86,73.4,88,40,3.36
28,Lianzhou,CN,2020-07-08 02:44:13,24.78,112.38,88.65,65,96,5.39
29,Beloha,MG,2020-07-08 02:44:13,-25.17,45.05,59.83,94,0,6.04
30,Mnogovershinnyy,RU,2020-07-08 02:44:14,53.94,139.92,53.8,85,100,5.41
31,Laguna,US,2020-07-08 02:44:14,38.42,-121.42,91.4,22,1,8.05
32,Vostok,RU,2020-07-08 02:44:14,46.49,135.88,64.9,91,99,2.28
33,Sitka,US,2020-07-08 02:44:14,57.05,-135.33,55.4,87,75,4.7
34,Jamestown,US,2020-07-08 02:44:14,42.1,-79.24,73.4,78,1,6.93
35,Qaanaaq,GL,2020-07-08 02:44:14,77.48,-69.36,45.19,59,0,0.22
36,Ribeira Grande,PT,2020-07-08 02:44:15,38.52,-28.7,68.94,85,18,1.43
37,Kapaa,US,2020-07-08 02:39:37,22.08,-159.32,82.99,74,75,12.75
38,Saint-Philippe,RE,2020-07-08 02:44:15,-21.36,55.77,71.6,94,75,16.11
39,Busselton,AU,2020-07-08 02:44:15,-33.65,115.33,60.01,98,12,10.09
40,Port Macquarie,AU,2020-07-08 02:44:15,-31.43,152.92,63.0,76,82,3.0
41,Nikolskoye,RU,2020-07-08 02:44:15,59.7,30.79,57.2,82,100,2.24
42,East London,ZA,2020-07-08 02:44:15,-33.02,27.91,57.02,63,88,7.83
43,Beyneu,KZ,2020-07-08 02:44:15,45.32,55.2,87.33,27,0,5.21
44,Puerto Ayacucho,VE,2020-07-08 02:44:16,5.66,-67.62,74.8,91,96,3.31
45,Preobrazheniye,RU,2020-07-08 02:44:16,42.9,133.91,71.24,63,3,6.46
46,Bredasdorp,ZA,2020-07-08 02:44:16,-34.53,20.04,43.9,85,54,3.71
47,Thompson,CA,2020-07-08 02:44:16,55.74,-97.86,73.4,49,40,3.36
48,Gigmoto,PH,2020-07-08 02:44:16,13.78,124.39,87.04,68,64,5.64
49,Ilyich,KZ,2020-07-08 02:44:17,40.85,68.51,81.45,23,100,1.72
50,Eenhana,NA,2020-07-08 02:44:17,-17.47,16.33,46.49,46,0,6.67
51,Tuatapere,NZ,2020-07-08 02:44:17,-46.13,167.68,39.0,83,99,3.0
52,Avarua,CK,2020-07-08 02:44:17,-21.21,-159.78,75.2,64,38,17.22
53,Atuona,PF,2020-07-08 02:44:17,-9.8,-139.03,79.66,74,14,10.89
54,Husavik,IS,2020-07-08 02:44:17,66.04,-17.34,46.4,75,40,5.82
55,Sept-Iles,CA,2020-07-08 02:42:42,50.2,-66.38,60.01,93,90,6.93
56,Dunedin,NZ,2020-07-08 02:44:18,-45.87,170.5,39.0,86,100,25.99
57,Olafsvik,IS,2020-07-08 02:44:18,64.89,-23.71,46.8,81,87,12.77
58,Oktyabrskoye,RU,2020-07-08 02:44:18,43.06,44.74,66.2,72,29,4.47
59,Beringovskiy,RU,2020-07-08 02:44:18,63.05,179.32,52.86,73,95,7.61
60,Terralba,IT,2020-07-08 02:44:18,39.72,8.64,66.2,88,0,3.36
61,Ushuaia,AR,2020-07-08 02:44:18,-54.8,-68.3,41.0,82,75,21.92
62,Torbay,CA,2020-07-08 02:44:18,47.67,-52.73,48.0,87,40,9.17
63,Yar-Sale,RU,2020-07-08 02:44:19,66.83,70.83,65.1,61,100,13.24
64,Mataura,NZ,2020-07-08 02:44:19,-46.19,168.86,39.0,83,80,3.0
65,Palmer,US,2020-07-08 02:44:19,42.16,-72.33,69.8,83,90,6.93
66,Hovd,MN,2020-07-08 02:44:19,48.01,91.64,67.23,41,41,5.35
67,Manokwari,ID,2020-07-08 02:44:19,-0.87,134.08,84.61,68,3,8.23
68,Middletown,US,2020-07-08 02:44:19,39.52,-84.4,80.01,100,1,4.7
69,Bathsheba,BB,2020-07-08 02:44:19,13.22,-59.52,80.6,83,40,6.93
70,Barentu,ER,2020-07-08 02:44:20,15.11,37.59,71.76,84,100,7.34
71,Kruisfontein,ZA,2020-07-08 02:44:20,-34.0,24.73,45.1,86,0,6.06
72,Vaini,TO,2020-07-08 02:44:20,-21.2,-175.2,73.4,94,90,10.29
73,Kununurra,AU,2020-07-08 02:44:20,-15.77,128.73,78.8,17,0,17.22
74,Chara,RU,2020-07-08 02:44:20,56.91,118.26,75.6,41,62,1.57
75,Hermanus,ZA,2020-07-08 02:44:20,-34.42,19.23,50.0,64,15,1.01
76,Methoni,GR,2020-07-08 02:44:20,36.82,21.7,73.99,94,0,0.78
77,Sechura,PE,2020-07-08 02:44:21,-5.56,-80.82,64.74,77,71,14.47
78,Tuktoyaktuk,CA,2020-07-08 02:44:21,69.45,-133.04,37.4,93,90,10.29
79,Saskylakh,RU,2020-07-08 02:44:21,71.92,114.08,60.6,50,45,6.91
80,Inirida,CO,2020-07-08 02:44:21,3.87,-67.92,72.55,96,67,2.46
81,Arraial Do Cabo,BR,2020-07-08 02:44:21,-22.97,-42.03,71.83,84,21,26.87
82,Warri,NG,2020-07-08 02:44:21,5.52,5.75,74.19,95,100,3.51
83,Hobart,AU,2020-07-08 02:42:11,-42.88,147.33,46.99,70,20,8.05
84,Groton,US,2020-07-08 02:44:21,41.35,-72.08,68.0,100,90,9.17
85,Ketchikan,US,2020-07-08 02:43:14,55.34,-131.65,60.8,67,75,11.41
86,Yeroham,IL,2020-07-08 02:44:22,30.99,34.93,61.0,72,0,5.01
87,Nemuro,JP,2020-07-08 02:44:22,43.32,145.57,62.6,93,75,2.24
88,Gayny,RU,2020-07-08 02:44:22,60.31,54.32,74.1,72,0,4.81
89,Fortuna,US,2020-07-08 02:44:22,40.6,-124.16,60.01,87,20,13.87
90,Dikson,RU,2020-07-08 02:44:22,73.51,80.55,48.29,67,0,10.51
91,Hue,VN,2020-07-08 02:44:22,16.47,107.6,93.2,52,20,5.82
92,Nizhneudinsk,RU,2020-07-08 02:44:23,54.91,99.03,70.99,53,89,11.14
93,Georgetown,MY,2020-07-08 02:41:28,5.41,100.34,84.2,83,20,4.7
94,Broome,US,2020-07-08 02:44:23,42.25,-75.83,72.0,78,1,6.93
95,Whitehorse,CA,2020-07-08 02:44:23,60.72,-135.05,51.8,87,75,2.24
96,Namatanai,PG,2020-07-08 02:44:23,-3.67,152.43,83.53,76,23,8.32
97,New Norfolk,AU,2020-07-08 02:44:23,-42.78,147.06,46.99,69,95,5.99
98,Barrow,US,2020-07-08 02:44:23,71.29,-156.79,41.0,75,1,16.11
99,Henties Bay,NA,2020-07-08 02:44:24,-22.12,14.28,54.0,95,0,4.0
100,Meulaboh,ID,2020-07-08 02:44:24,4.14,96.13,80.98,76,100,3.31
101,Punta Arenas,CL,2020-07-08 02:44:24,-53.15,-70.92,33.8,80,100,12.75
102,Yellowknife,CA,2020-07-08 02:44:24,62.46,-114.35,59.0,67,75,8.05
103,Birjand,IR,2020-07-08 02:44:24,32.87,59.22,62.6,27,20,9.17
104,Bethel,US,2020-07-08 02:44:24,41.37,-73.41,68.0,100,90,5.41
105,Kortkeros,RU,2020-07-08 02:44:24,61.81,51.58,71.6,83,43,4.47
106,Los Llanos De Aridane,ES,2020-07-08 02:44:25,28.66,-17.92,80.01,94,40,14.99
107,Iqaluit,CA,2020-07-08 02:44:25,63.75,-68.51,46.4,87,75,2.91
108,Comodoro Rivadavia,AR,2020-07-08 02:40:49,-45.87,-67.5,42.8,75,98,5.82
109,Anadyr,RU,2020-07-08 02:44:25,64.75,177.48,62.6,59,20,11.18
110,Francisco Sa,BR,2020-07-08 02:44:25,-16.48,-43.49,64.69,71,2,11.07
111,Baruun-Urt,MN,2020-07-08 02:44:25,46.68,113.28,82.33,33,70,19.46
112,Kaspiysk,RU,2020-07-08 02:44:25,42.88,47.64,73.4,64,0,6.71
113,Touros,BR,2020-07-08 02:44:26,-5.2,-35.46,71.6,94,0,4.7
114,Bambous Virieux,MU,2020-07-08 02:44:26,-20.34,57.76,71.6,83,75,8.05
115,Alice Springs,AU,2020-07-08 02:44:26,-23.7,133.88,57.2,41,0,9.17
116,Cairns,AU,2020-07-08 02:40:09,-16.92,145.77,78.8,57,75,16.11
117,Cherskiy,RU,2020-07-08 02:44:26,68.75,161.3,67.33,40,12,6.35
118,Bluff,NZ,2020-07-08 02:44:26,-46.6,168.33,39.0,83,97,3.0
119,Leningradskiy,RU,2020-07-08 02:44:26,69.38,178.42,45.68,72,100,5.03
120,Katsuura,JP,2020-07-08 02:44:27,35.13,140.3,78.8,100,75,28.86
121,Sur,OM,2020-07-08 02:44:27,22.57,59.53,88.09,64,81,9.4
122,Nizwa,OM,2020-07-08 02:44:27,22.93,57.53,92.61,35,32,3.53
123,Dingle,PH,2020-07-08 02:44:27,11.0,122.67,88.23,65,94,8.68
124,Port-Gentil,GA,2020-07-08 02:44:27,-0.72,8.78,73.94,84,0,9.78
125,Hofn,IS,2020-07-08 02:44:27,64.25,-15.21,51.31,74,0,4.59
126,Almenara,BR,2020-07-08 02:44:28,-16.18,-40.69,61.65,89,1,0.81
127,Talnakh,RU,2020-07-08 02:44:28,69.49,88.4,55.4,76,0,6.71
128,Watsa,CD,2020-07-08 02:44:28,3.04,29.54,63.23,100,99,1.77
129,Wewak,PG,2020-07-08 02:44:28,-3.55,143.63,82.99,76,97,12.75
130,Santa Marta,CO,2020-07-08 02:44:28,11.24,-74.2,80.15,81,83,15.21
131,Bafoussam,CM,2020-07-08 02:44:28,5.47,10.42,59.22,100,100,2.01
132,Rio Grande,BR,2020-07-08 02:44:29,-32.03,-52.1,52.34,90,100,20.31
133,Ales,FR,2020-07-08 02:44:29,44.13,4.08,64.99,50,44,3.0
134,Mar Del Plata,AR,2020-07-08 02:44:29,-38.0,-57.56,45.0,66,100,4.0
135,Snasa,NO,2020-07-08 02:44:29,64.25,12.38,44.65,88,100,4.59
136,Alekseyevsk,RU,2020-07-08 02:44:29,57.84,108.35,78.31,47,60,6.24
137,Bonfim,BR,2020-07-08 02:44:29,3.08,-59.95,76.12,83,0,2.35
138,Salalah,OM,2020-07-08 02:44:29,17.02,54.09,82.4,88,75,3.36
139,Disna,BY,2020-07-08 02:44:30,55.57,28.2,51.53,95,100,7.72
140,Deputatskiy,RU,2020-07-08 02:44:30,69.3,139.9,46.02,87,100,2.95
141,Manzil Salim,TN,2020-07-08 02:44:30,35.86,8.48,62.6,55,0,3.36
142,Santa Isabel Do Rio Negro,BR,2020-07-08 02:42:11,-0.41,-65.02,72.61,96,67,1.7
143,Hithadhoo,MV,2020-07-08 02:44:30,-0.6,73.08,84.58,71,26,6.91
144,Khani,GE,2020-07-08 02:44:30,41.96,42.96,75.2,78,75,2.24
145,Catamarca,AR,2020-07-08 02:44:30,-28.47,-65.79,41.0,64,0,5.59
146,Acapulco,MX,2020-07-08 02:41:04,16.86,-99.89,77.0,94,90,10.29
147,Murupara,NZ,2020-07-08 02:44:31,-38.47,176.7,52.0,63,96,5.01
148,Linares,CL,2020-07-08 02:40:21,-35.85,-71.6,46.9,89,100,15.12
149,Cockburn Town,TC,2020-07-08 02:41:33,21.46,-71.14,83.01,80,58,16.75
150,Port Hardy,CA,2020-07-08 02:44:31,50.7,-127.42,57.2,93,90,3.36
151,Hilo,US,2020-07-08 02:44:31,19.73,-155.09,84.2,54,20,10.29
152,Upernavik,GL,2020-07-08 02:44:31,72.79,-56.15,43.92,71,100,3.6
153,Sanmenxia,CN,2020-07-08 02:44:32,34.77,111.18,93.76,38,0,13.38
154,Huarmey,PE,2020-07-08 02:44:32,-10.07,-78.15,60.3,86,5,10.4
155,Tromso,NO,2020-07-08 02:44:32,69.65,18.96,46.4,87,75,9.17
156,Dalbandin,PK,2020-07-08 02:44:32,28.89,64.41,91.13,23,53,3.58
157,Matagami,CA,2020-07-08 02:44:32,49.75,-77.63,66.2,93,75,4.07
158,Maniitsoq,GL,2020-07-08 02:44:32,65.42,-52.9,40.06,96,100,14.16
159,Uruzgan,AF,2020-07-08 02:44:32,32.83,66.0,80.2,16,0,2.82
160,Lompoc,US,2020-07-08 02:44:32,34.64,-120.46,60.8,72,0,16.11
161,Saryozek,KZ,2020-07-08 02:41:06,44.36,77.98,77.45,26,0,1.63
162,Calahorra,ES,2020-07-08 02:44:33,42.31,-1.97,60.8,82,7,2.68
163,Saint-Pierre,RE,2020-07-08 02:44:33,-21.34,55.48,69.8,94,75,16.11
164,Lebu,CL,2020-07-08 02:44:33,-37.62,-73.65,47.44,81,100,4.21
165,Ancud,CL,2020-07-08 02:44:33,-41.87,-73.82,42.01,86,40,4.7
166,Ust-Kut,RU,2020-07-08 02:44:33,56.79,105.77,72.41,57,100,7.14
167,Tasiilaq,GL,2020-07-08 02:44:33,65.61,-37.64,42.8,75,82,5.82
168,Constitucion,CL,2020-07-08 02:44:34,-35.33,-72.42,53.64,86,100,24.25
169,Nhamunda,BR,2020-07-08 02:44:34,-2.19,-56.71,75.0,78,0,2.01
170,Batemans Bay,AU,2020-07-08 02:44:34,-35.72,150.18,60.01,61,18,4.74
171,Sao Joao Da Barra,BR,2020-07-08 02:44:34,-21.64,-41.05,71.24,87,0,16.31
172,Pedasi,PA,2020-07-08 02:44:34,7.53,-80.03,78.94,83,100,17.65
173,Thongwa,MM,2020-07-08 02:44:34,16.76,96.53,82.4,83,90,5.82
174,Faanui,PF,2020-07-08 02:44:34,-16.48,-151.75,77.31,81,66,25.61
175,Along,IN,2020-07-08 02:44:35,28.17,94.77,77.81,87,100,1.79
176,Chanika,TZ,2020-07-08 02:44:35,-5.42,38.02,61.0,96,39,2.19
177,Maracacume,BR,2020-07-08 02:44:35,-2.04,-45.96,72.18,96,98,1.74
178,Parthenay,FR,2020-07-08 02:44:35,46.67,-0.42,55.4,76,27,4.7
179,Broken Hill,AU,2020-07-08 02:44:35,-31.95,141.43,55.4,54,0,8.05
180,Harer,ET,2020-07-08 02:44:36,9.31,42.13,58.24,84,69,3.94
181,Pevek,RU,2020-07-08 02:44:36,69.7,170.31,44.35,73,50,6.17
182,Haines Junction,CA,2020-07-08 02:44:36,60.75,-137.51,55.53,63,100,4.5
183,Ulladulla,AU,2020-07-08 02:44:36,-35.35,150.47,60.01,67,40,3.36
184,Hambantota,LK,2020-07-08 02:44:36,6.12,81.12,82.4,88,75,5.82
185,Gold Coast,AU,2020-07-08 02:43:28,-28.0,153.43,73.99,52,0,13.87
186,Tilichiki,RU,2020-07-08 02:44:37,60.47,166.1,55.08,78,100,11.43
187,Kudat,MY,2020-07-08 02:44:37,6.88,116.85,86.0,70,75,4.7
188,Kavaratti,IN,2020-07-08 02:44:37,10.57,72.64,83.64,77,100,17.49
189,Sala,MA,2020-07-08 02:41:42,34.04,-6.82,75.2,78,30,5.82
190,Afsin,TR,2020-07-08 02:44:37,38.25,36.91,64.89,72,0,1.21
191,Port Elizabeth,ZA,2020-07-08 02:44:37,-33.92,25.57,46.4,87,0,2.24
192,Cidreira,BR,2020-07-08 02:44:37,-30.18,-50.21,59.59,94,100,24.29
193,General Roca,AR,2020-07-08 02:44:38,-39.03,-67.58,46.4,75,100,9.17
194,Inzer,RU,2020-07-08 02:44:38,54.22,57.56,70.36,84,0,1.81
195,Nabire,ID,2020-07-08 02:44:38,-3.37,135.48,83.3,77,73,2.46
196,Carthage,TN,2020-07-08 02:44:06,36.86,10.33,73.4,60,0,10.29
197,Malinovoye Ozero,RU,2020-07-08 02:44:38,51.68,79.78,74.1,52,81,8.12
198,Nizhniy Kuranakh,RU,2020-07-08 02:44:38,58.84,125.49,70.57,49,100,4.23
199,Kadugannawa,LK,2020-07-08 02:44:38,7.25,80.52,77.32,73,100,3.36
200,Kaitangata,NZ,2020-07-08 02:44:39,-46.28,169.85,39.99,75,82,8.99
201,Klaksvik,FO,2020-07-08 02:44:39,62.23,-6.59,48.2,87,1,10.29
202,Saldanha,ZA,2020-07-08 02:44:39,-33.01,17.94,52.63,66,0,8.25
203,Ponta Do Sol,PT,2020-07-08 02:44:39,32.67,-17.1,68.0,62,2,1.66
204,Kresttsy,RU,2020-07-08 02:44:39,58.25,32.52,53.76,98,100,4.61
205,Kalmunai,LK,2020-07-08 02:44:39,7.42,81.82,84.42,72,100,2.75
206,Quatre Cocos,MU,2020-07-08 02:44:39,-20.21,57.76,71.6,83,75,8.05
207,Hami,CN,2020-07-08 02:44:40,42.8,93.45,83.03,27,0,10.11
208,Vestmannaeyjar,IS,2020-07-08 02:44:40,63.44,-20.27,50.99,85,100,14.58
209,Kubuta,SZ,2020-07-08 02:44:40,-26.88,31.48,62.6,82,66,5.82
210,Nuuk,GL,2020-07-08 02:41:05,64.18,-51.72,41.0,93,100,14.99
211,Ripoll,ES,2020-07-08 02:44:40,42.2,2.19,59.0,82,0,2.95
212,Kavieng,PG,2020-07-08 02:44:40,-2.57,150.8,84.16,76,4,14.12
213,Moron,AR,2020-07-08 02:44:40,-34.65,-58.62,45.0,91,100,1.01
214,Graciano Sanchez,MX,2020-07-08 02:44:41,23.92,-99.28,81.55,64,26,7.38
215,Geraldton,AU,2020-07-08 02:44:41,-28.77,114.6,60.8,77,0,2.24
216,Victoria,HK,2020-07-08 02:43:53,22.29,114.16,88.0,70,100,17.0
217,Massakory,TD,2020-07-08 02:44:41,13.0,15.73,83.89,54,60,11.1
218,Amazar,RU,2020-07-08 02:44:41,53.86,120.88,84.38,27,2,4.47
219,Nome,US,2020-07-08 02:44:41,64.5,-165.41,48.2,93,90,8.05
220,Abu Samrah,SY,2020-07-08 02:44:41,35.3,37.18,72.46,71,79,7.09
221,Nishihara,JP,2020-07-08 02:44:42,26.18,127.76,87.8,79,75,11.41
222,Palestine,PS,2020-07-08 02:43:44,31.92,35.2,75.2,78,75,5.82
223,Ferrol,ES,2020-07-08 02:44:42,43.48,-8.24,66.0,82,5,10.94
224,Vardo,NO,2020-07-08 02:44:42,70.37,31.11,51.8,81,75,19.46
225,Galveston,US,2020-07-08 02:44:42,29.37,-94.97,84.2,89,40,10.29
226,Narsaq,GL,2020-07-08 02:44:42,60.92,-46.05,44.6,87,100,5.82
227,Tsogni,GA,2020-07-08 02:44:42,-2.79,10.1,68.77,97,59,1.99
228,Betamcherla,IN,2020-07-08 02:44:42,15.47,78.17,81.07,69,100,12.5
229,Luderitz,NA,2020-07-08 02:44:43,-26.65,15.16,73.4,31,0,20.8
230,Kodiak,US,2020-07-08 02:44:43,57.79,-152.41,71.6,49,1,13.87
231,Abu Dhabi,AE,2020-07-08 02:43:17,24.47,54.37,89.01,79,0,5.82
232,Bontang,ID,2020-07-08 02:44:43,0.13,117.5,77.04,90,100,5.19
233,Bogovarovo,RU,2020-07-08 02:44:43,58.98,47.02,71.98,93,8,6.85
234,Puerto Carreno,CO,2020-07-08 02:44:43,6.19,-67.49,76.06,90,80,4.7
235,Xinan,CN,2020-07-08 02:44:43,26.72,119.86,81.59,83,100,6.26
236,Ugoofaaru,MV,2020-07-08 02:44:44,5.67,73.0,83.32,67,100,3.69
237,Chernihiv,UA,2020-07-08 02:44:44,51.0,32.0,56.17,68,100,16.55
238,Vila Velha,BR,2020-07-08 02:44:44,-20.33,-40.29,71.6,88,1,8.05
239,Farsund,NO,2020-07-08 02:44:44,58.09,6.8,50.0,78,83,11.01
240,Sarangani,PH,2020-07-08 02:44:44,5.4,125.46,83.88,73,0,10.47
241,Ewo,CG,2020-07-08 02:44:44,-0.87,14.82,72.59,72,5,4.16
242,Ajdabiya,LY,2020-07-08 02:44:44,30.76,20.23,71.91,89,0,7.56
243,Puqi,CN,2020-07-08 02:44:45,29.72,113.88,77.47,94,100,5.84
244,Itoman,JP,2020-07-08 02:40:14,26.12,127.67,87.8,79,75,11.41
245,Singaparna,ID,2020-07-08 02:44:45,-7.35,108.11,76.41,80,71,5.46
246,Airai,TL,2020-07-08 02:44:45,-8.93,125.41,70.38,69,82,4.85
247,Guerrero Negro,MX,2020-07-08 02:44:45,27.98,-114.06,69.87,75,83,14.76
248,San Pedro,PH,2020-07-08 02:44:45,14.35,121.02,93.0,63,75,4.7
249,Chokurdakh,RU,2020-07-08 02:44:45,70.63,147.92,48.29,74,99,9.28
250,Kaeo,NZ,2020-07-08 02:44:46,-35.1,173.78,54.0,6,30,14.0
251,Roald,NO,2020-07-08 02:44:46,62.58,6.13,48.2,87,100,11.41
252,Gasa,PS,2020-07-08 02:44:46,31.5,34.47,73.0,72,0,0.47
253,Areia Branca,BR,2020-07-08 02:44:46,-4.96,-37.14,75.58,78,2,14.34
254,At-Bashi,KG,2020-07-08 02:44:46,41.17,75.81,68.79,24,0,1.57
255,Shingu,JP,2020-07-08 02:44:46,33.73,135.98,73.4,100,75,11.41
256,Eureka,US,2020-07-08 02:42:39,40.8,-124.16,64.0,85,8,8.99
257,Bengkulu,ID,2020-07-08 02:43:09,-3.8,102.27,83.35,70,7,6.91
258,Placido De Castro,BR,2020-07-08 02:44:47,-10.34,-67.19,75.61,71,30,2.17
259,Topeka,US,2020-07-08 02:41:00,39.05,-95.68,84.2,66,1,3.36
260,Gat,IL,2020-07-08 02:40:04,31.61,34.76,73.0,72,0,1.61
261,Clyde River,CA,2020-07-08 02:44:47,70.47,-68.59,37.4,100,90,8.05
262,Kuching,MY,2020-07-08 02:40:26,1.55,110.33,84.2,83,40,4.7
263,Ilulissat,GL,2020-07-08 02:40:35,69.22,-51.1,39.2,93,100,3.36
264,Escanaba,US,2020-07-08 02:39:53,45.75,-87.06,75.99,83,1,3.36
265,Langsa,ID,2020-07-08 02:44:48,4.47,97.97,89.26,55,99,0.47
266,Mount Gambier,AU,2020-07-08 02:44:48,-37.83,140.77,50.0,87,90,5.82
267,Hernani,ES,2020-07-08 02:44:48,43.27,-1.98,60.8,87,0,4.7
268,Ginir,ET,2020-07-08 02:44:48,7.13,40.7,56.88,92,99,5.95
269,Ambon,ID,2020-07-08 02:44:48,-3.7,128.18,82.0,12,27,19.17
270,Fort Nelson,CA,2020-07-08 02:44:48,58.81,-122.7,60.8,82,90,4.5
271,Calama,CL,2020-07-08 02:44:49,-22.47,-68.93,37.4,44,0,16.11
272,Thunder Bay,CA,2020-07-08 02:43:52,48.4,-89.32,73.4,69,20,5.82
273,Rabat,MA,2020-07-08 02:44:49,33.99,-6.84,75.2,78,30,5.82
274,Puerto Escondido,MX,2020-07-08 02:44:41,15.85,-97.07,80.89,75,100,1.48
275,Brae,GB,2020-07-08 02:44:49,60.4,-1.35,46.4,81,47,5.82
276,Tucuman,AR,2020-07-08 02:44:49,-26.82,-65.22,41.0,75,40,6.93
277,Nyurba,RU,2020-07-08 02:44:49,63.28,118.33,71.76,41,0,6.44
278,Brownwood,US,2020-07-08 02:44:23,31.71,-98.99,73.4,88,1,15.03
279,Longyearbyen,SJ,2020-07-08 02:44:50,78.22,15.64,42.8,75,75,19.46
280,Payo,ID,2020-07-08 02:44:50,-3.75,103.64,86.65,57,98,3.27
281,Gorin,RU,2020-07-08 02:44:50,51.2,136.67,50.99,96,100,9.64
282,Faratsiho,MG,2020-07-08 02:44:50,-19.4,46.95,49.84,72,0,4.23
283,Manglaur,IN,2020-07-08 02:40:03,29.8,77.87,77.0,94,90,3.62
284,Yamethin,MM,2020-07-08 02:44:50,20.43,96.15,84.69,70,98,9.82
285,Mandalgovi,MN,2020-07-08 02:44:51,45.76,106.27,80.78,28,99,18.01
286,Castro,BR,2020-07-08 02:44:51,-24.79,-50.01,61.99,72,100,8.79
287,Voh,NC,2020-07-08 02:44:51,-20.97,164.7,74.08,59,28,16.2
288,Black Diamond,US,2020-07-08 02:39:58,47.31,-122.0,66.0,82,88,3.0
289,College,US,2020-07-08 02:44:51,64.86,-147.8,77.0,41,75,9.17
290,Torrijos,ES,2020-07-08 02:44:52,39.98,-4.28,80.6,30,59,3.36
291,Natal,BR,2020-07-08 02:44:52,-5.79,-35.21,73.4,88,1,8.05
292,Kavala,GR,2020-07-08 02:40:24,40.94,24.4,71.6,73,40,5.82
293,Turukhansk,RU,2020-07-08 02:44:52,65.82,87.98,63.25,75,87,7.58
294,Saint-Joseph,RE,2020-07-08 02:44:52,-21.37,55.62,69.8,94,75,16.11
295,Bellevue,US,2020-07-08 02:43:07,47.61,-122.2,64.4,68,75,3.36
296,Shiyan,CN,2020-07-08 02:44:52,32.65,110.78,87.22,56,35,6.35
297,Rawson,AR,2020-07-08 02:44:52,-43.3,-65.1,45.37,62,84,31.29
298,Ascoli Piceno,IT,2020-07-08 02:44:53,42.85,13.57,62.01,70,0,4.65
299,Kupang,ID,2020-07-08 02:44:53,-10.17,123.58,86.0,45,20,19.46
300,Alihe,CN,2020-07-08 02:44:53,50.57,123.72,88.93,26,0,1.54
301,Ostrovnoy,RU,2020-07-08 02:44:53,68.05,39.51,60.01,69,99,12.75
302,Baykit,RU,2020-07-08 02:44:53,61.67,96.37,65.43,79,99,5.32
303,Cayenne,GF,2020-07-08 02:44:53,4.93,-52.33,77.0,100,75,2.24
304,Miles City,US,2020-07-08 02:44:53,46.41,-105.84,69.8,52,1,14.99
305,Kyren,RU,2020-07-08 02:44:54,51.68,102.14,68.05,70,93,3.83
306,Vila Franca Do Campo,PT,2020-07-08 02:44:54,37.72,-25.43,64.4,82,20,5.82
307,Ponta Delgada,PT,2020-07-08 02:44:54,37.73,-25.67,64.4,82,20,5.82
308,Gualaquiza,EC,2020-07-08 02:44:54,-3.4,-78.55,62.22,89,60,1.01
309,Mogadishu,SO,2020-07-08 02:41:33,2.04,45.34,77.72,85,100,16.08
310,Aksarka,RU,2020-07-08 02:44:55,66.56,67.8,65.89,70,100,3.36
311,Ocean City,US,2020-07-08 02:41:49,39.28,-74.57,78.8,83,1,5.82
312,Suntar,RU,2020-07-08 02:44:55,62.14,117.63,73.53,38,27,6.04
313,Whitehaven,GB,2020-07-08 02:40:43,54.55,-3.58,52.0,95,100,5.95
314,Barra Dos Coqueiros,BR,2020-07-08 02:44:55,-10.91,-37.04,75.2,88,75,13.87
315,Kaohsiung,TW,2020-07-08 02:44:55,22.62,120.31,89.6,62,75,8.05
316,Saint-Paul,RE,2020-07-08 02:44:55,-21.01,55.27,71.6,78,90,11.41
317,Asau,RO,2020-07-08 02:44:55,46.43,26.4,52.0,84,46,3.42
318,Novita,CO,2020-07-08 02:44:56,4.96,-76.61,74.73,91,100,1.45
319,Mersin,TR,2020-07-08 02:44:56,36.86,34.65,75.2,94,40,7.9
320,Muisne,EC,2020-07-08 02:44:56,0.6,-80.03,74.14,88,100,10.07
321,Lagoa,PT,2020-07-08 02:44:56,39.05,-27.98,68.31,89,0,4.79
322,Gizo,SB,2020-07-08 02:44:56,-8.1,156.84,84.29,71,75,2.51
323,Lavrentiya,RU,2020-07-08 02:44:56,65.58,-171.0,43.74,92,100,5.12
324,Viedma,AR,2020-07-08 02:44:57,-40.81,-63.0,42.84,66,100,14.41
325,Ulagan,RU,2020-07-08 02:44:57,50.63,87.96,63.27,62,89,2.91
326,Pascagoula,US,2020-07-08 02:44:57,30.37,-88.56,77.0,88,1,3.11
327,Turbaco,CO,2020-07-08 02:44:57,10.33,-75.41,78.66,85,92,10.18
328,Severo-Kurilsk,RU,2020-07-08 02:44:57,50.68,156.12,53.55,85,95,15.37
329,Mahebourg,MU,2020-07-08 02:44:57,-20.41,57.7,71.6,83,75,8.05
330,Margate,GB,2020-07-08 02:44:57,51.38,1.39,59.0,100,100,1.99
331,Loiza,PR,2020-07-08 02:44:58,18.43,-65.88,78.8,88,40,4.7
332,Kuznechnoye,RU,2020-07-08 02:44:58,61.12,29.87,55.0,84,100,4.68
333,San Cristobal,VE,2020-07-08 02:44:58,7.77,-72.22,64.35,90,100,2.75
334,Gari,RU,2020-07-08 02:44:58,59.43,62.35,75.54,67,0,4.23
335,Huilong,CN,2020-07-08 02:44:58,31.81,121.66,84.0,89,26,15.32
336,Havre-Saint-Pierre,CA,2020-07-08 02:44:03,50.23,-63.6,57.2,87,1,5.82
337,Penzance,GB,2020-07-08 02:40:03,50.12,-5.54,59.0,100,90,14.99
338,Westport,US,2020-07-08 02:43:59,41.14,-73.36,69.8,94,90,12.75
339,Tiksi,RU,2020-07-08 02:44:59,71.69,128.87,36.19,93,100,6.13
340,Saint-Francois,FR,2020-07-08 02:44:59,46.42,3.91,50.0,81,27,1.12
341,Stuart,US,2020-07-08 02:41:31,27.2,-80.25,80.6,78,40,5.82
342,Yulara,AU,2020-07-08 02:44:59,-25.24,130.99,59.0,38,0,9.17
343,Aklavik,CA,2020-07-08 02:42:02,68.22,-135.01,55.4,58,75,8.05
344,Mwense,ZM,2020-07-08 02:44:59,-10.38,28.7,52.86,59,0,3.27
345,Taywarah,AF,2020-07-08 02:44:59,33.35,64.42,65.88,27,0,3.89
346,Plainview,US,2020-07-08 02:44:59,40.78,-73.47,75.99,88,75,3.36
347,Codrington,AU,2020-07-08 02:45:00,-38.27,141.97,55.63,70,0,6.11
348,Anarrakhi,GR,2020-07-08 02:45:00,40.48,21.57,49.96,79,0,4.81
349,Mayo,US,2020-07-08 02:45:00,38.89,-76.51,81.0,83,1,9.17
350,Myre,NO,2020-07-08 02:45:00,69.1,15.95,46.4,87,100,4.7
351,Kerema,PG,2020-07-08 02:45:00,-7.96,145.78,80.8,78,76,8.77
352,Muros,ES,2020-07-08 02:45:00,42.78,-9.06,66.99,75,1,1.99
353,Carutapera,BR,2020-07-08 02:45:01,-1.2,-46.02,73.71,92,100,2.68
354,Gazli,UZ,2020-07-08 02:45:01,40.13,63.45,89.55,18,0,11.03
355,Yuci,CN,2020-07-08 02:45:01,37.68,112.73,80.6,61,41,2.24
356,Chapais,CA,2020-07-08 02:45:01,49.78,-74.85,66.2,100,20,4.7
357,Cajamar,BR,2020-07-08 02:45:01,-23.35,-46.88,71.6,46,0,4.7
358,Piopio,NZ,2020-07-08 02:45:01,-38.47,175.02,48.99,89,98,4.0
359,Leshukonskoye,RU,2020-07-08 02:45:02,64.9,45.76,61.38,76,56,5.61
360,Pafos,CY,2020-07-08 02:45:02,34.77,32.42,69.8,88,20,6.93
361,Puerto Madryn,AR,2020-07-08 02:45:02,-42.77,-65.04,46.06,62,81,29.59
362,Nouadhibou,MR,2020-07-08 02:45:02,20.93,-17.03,68.0,94,90,10.29
363,Zhenlai,CN,2020-07-08 02:45:02,45.85,123.3,84.45,29,0,7.81
364,Ponnani,IN,2020-07-08 02:45:02,10.77,75.93,75.2,88,75,6.93
365,Ballina,AU,2020-07-08 02:45:02,-28.87,153.57,59.0,93,90,11.41
366,Baicheng,CN,2020-07-08 02:45:02,45.62,122.82,84.29,28,10,5.93
367,Konevo,RU,2020-07-08 02:45:03,62.12,39.32,59.45,96,73,2.15
368,Kargil,IN,2020-07-08 02:45:03,34.57,76.1,57.36,44,0,2.89
369,Tura,IN,2020-07-08 02:45:03,25.52,90.22,82.98,79,52,5.41
370,Arman,RU,2020-07-08 02:45:03,59.7,150.17,50.81,87,100,4.14
371,Vawkavysk,BY,2020-07-08 02:45:03,53.16,24.45,47.62,92,0,6.78
372,Pangai,TO,2020-07-08 02:45:03,-19.8,-174.35,78.8,83,75,9.17
373,Nanortalik,GL,2020-07-08 02:45:04,60.14,-45.24,40.64,90,100,5.55
374,Kangaatsiaq,GL,2020-07-08 02:45:04,68.31,-53.46,39.09,88,100,4.9
375,Xining,CN,2020-07-08 02:45:04,36.62,101.77,72.95,43,82,2.53
376,San Patricio,MX,2020-07-08 02:45:04,19.22,-104.7,86.0,70,40,5.01
377,Vanimo,PG,2020-07-08 02:45:04,-2.67,141.3,84.72,68,89,14.16
378,Seymchan,RU,2020-07-08 02:45:04,62.88,152.43,73.67,35,100,13.35
379,Cabo Rojo,PR,2020-07-08 02:41:16,18.09,-67.15,82.99,87,86,7.92
380,Vao,NC,2020-07-08 02:45:05,-22.67,167.48,68.22,67,0,17.27
381,Hudson Bay,CA,2020-07-08 02:45:05,52.85,-102.38,66.06,81,57,3.85
382,Kande,TG,2020-07-08 02:45:05,9.96,1.04,72.97,90,71,3.94
383,Lahaina,US,2020-07-08 02:45:05,20.88,-156.68,86.0,42,20,16.11
384,Carlisle,US,2020-07-08 02:45:05,40.2,-77.19,75.0,90,9,2.06
385,Los Santos,PA,2020-07-08 02:45:05,7.93,-80.42,78.39,84,100,6.15
386,Maroua,CM,2020-07-08 02:45:06,10.59,14.32,77.27,75,99,4.79
387,Padang,ID,2020-07-08 02:40:32,-0.95,100.35,82.44,68,100,3.74
388,Bauchi,NG,2020-07-08 02:45:06,10.5,10.0,71.26,89,13,3.31
389,Norman Wells,CA,2020-07-08 02:45:06,65.28,-126.83,57.2,87,75,4.7
390,Iquique,CL,2020-07-08 02:45:06,-20.22,-70.14,59.0,77,0,8.05
391,Hamilton,US,2020-07-08 02:45:06,39.18,-84.53,81.0,74,1,3.36
392,Avera,US,2020-07-08 02:45:06,33.19,-82.53,77.0,93,90,3.36
393,Qurayyat,SA,2020-07-08 02:45:07,31.33,37.34,69.8,43,0,18.34
394,Otradnoye,RU,2020-07-08 02:45:07,59.78,30.82,57.2,82,100,2.24
395,Mount Isa,AU,2020-07-08 02:45:07,-20.73,139.5,75.2,38,1,11.41
396,Russellville,US,2020-07-08 02:42:09,35.28,-93.13,80.6,78,1,2.53
397,Fairbanks,US,2020-07-08 02:45:07,64.84,-147.72,77.0,33,75,12.75
398,Sibiti,CG,2020-07-08 02:45:07,-3.68,13.35,63.27,99,8,1.68
399,Itarema,BR,2020-07-08 02:45:07,-2.92,-39.92,75.11,74,0,7.87
400,Cortland,US,2020-07-08 02:45:07,42.6,-76.08,73.0,83,1,5.82
401,Samfya,ZM,2020-07-08 02:45:08,-11.36,29.56,53.29,63,0,5.7
402,Rock Sound,BS,2020-07-08 02:45:08,24.9,-76.2,83.88,75,40,11.9
403,Luganville,VU,2020-07-08 02:45:08,-15.53,167.17,78.8,88,75,8.05
404,Ukiah,US,2020-07-08 02:45:08,39.15,-123.21,80.6,30,1,6.93
405,Kisangani,CD,2020-07-08 02:45:08,0.52,25.2,71.53,90,78,2.01
406,Severobaykalsk,RU,2020-07-08 02:45:08,55.65,109.32,69.3,48,100,8.81
407,Bantry,IE,2020-07-08 02:45:09,51.68,-9.45,57.2,100,75,10.29
408,Akyab,MM,2020-07-08 02:45:09,20.15,92.9,84.85,79,96,6.42
409,San Quintin,MX,2020-07-08 02:45:09,30.48,-115.95,67.53,80,0,12.06
410,Soe,ID,2020-07-08 02:45:09,-9.86,124.28,75.43,65,82,8.34
411,Harper,LR,2020-07-08 02:45:09,4.38,-7.72,75.45,88,100,10.13
412,Niquero,CU,2020-07-08 02:45:09,20.04,-77.58,80.33,82,27,13.58
413,Izhma,RU,2020-07-08 02:45:09,65.01,53.91,66.24,89,48,3.06
414,Port Lincoln,AU,2020-07-08 02:45:10,-34.73,135.87,56.82,49,0,10.92
415,Jardim,BR,2020-07-08 02:45:10,-21.48,-56.14,62.06,79,34,8.88
416,Chibuto,MZ,2020-07-08 02:45:10,-24.69,33.53,63.73,91,1,7.45
417,Bundaberg,AU,2020-07-08 02:45:10,-24.85,152.35,69.01,82,90,14.99
418,Requena,ES,2020-07-08 02:45:10,39.49,-1.1,64.99,70,0,3.47
419,Zhanaozen,KZ,2020-07-08 02:45:10,43.3,52.8,88.93,19,0,7.85
420,Noumea,NC,2020-07-08 02:43:18,-22.28,166.46,73.4,53,32,18.34
421,Alta Floresta,BR,2020-07-08 02:45:10,-9.88,-56.09,70.52,59,0,2.13
422,Amga,RU,2020-07-08 02:45:11,60.9,131.96,75.06,35,3,2.95
423,Mecca,SA,2020-07-08 02:45:11,21.43,39.83,82.99,24,31,6.04
424,Tutoia,BR,2020-07-08 02:45:11,-2.76,-42.27,76.66,85,0,2.98
425,Raska,RS,2020-07-08 02:45:11,43.29,20.62,51.8,100,3,2.48
426,Abu Kamal,SY,2020-07-08 02:45:11,34.45,40.92,81.64,36,0,12.33
427,Kharp,RU,2020-07-08 02:45:11,66.8,65.81,67.86,62,99,7.72
428,Hobyo,SO,2020-07-08 02:45:11,5.35,48.53,78.64,71,15,20.18
429,Meadow Lake,US,2020-07-08 02:45:12,34.8,-106.54,93.2,9,40,11.41
430,Kupino,RU,2020-07-08 02:45:12,54.37,77.3,69.37,69,13,6.96
431,Praia Da Vitoria,PT,2020-07-08 02:45:12,38.73,-27.07,68.0,94,75,3.4
432,Huanren,CN,2020-07-08 02:45:12,41.26,125.37,77.29,38,0,7.47
433,Clarence Town,AU,2020-07-08 02:45:12,-32.58,151.78,61.0,63,75,6.93
434,Teya,RU,2020-07-08 02:45:12,60.38,92.63,70.25,53,72,7.05
435,Mae Ramat,TH,2020-07-08 02:45:13,16.98,98.52,80.6,88,40,1.36
436,Goma,CD,2020-07-08 02:45:13,-1.68,29.22,61.25,71,24,2.46
437,Charlestown,AU,2020-07-08 02:45:06,-32.95,151.67,61.0,74,83,5.57
438,Marawi,PH,2020-07-08 02:45:13,8.0,124.29,84.0,77,22,5.99
439,Zeya,RU,2020-07-08 02:45:13,53.75,127.27,79.11,36,49,4.14
440,Mayumba,GA,2020-07-08 02:45:13,-3.43,10.66,69.84,92,5,0.72
441,Xinye,CN,2020-07-08 02:45:14,32.52,112.35,88.3,60,0,6.87
442,Afyonkarahisar,TR,2020-07-08 02:45:14,38.75,30.67,64.42,85,99,6.73
443,Kitob,UZ,2020-07-08 02:45:14,39.08,66.83,84.2,23,85,4.68
444,Alugan,PH,2020-07-08 02:45:14,12.22,125.48,85.86,71,98,7.16
445,Aparecida Do Taboado,BR,2020-07-08 02:45:14,-20.09,-51.09,68.95,49,1,6.73
446,Pisco,PE,2020-07-08 02:40:25,-13.7,-76.22,61.0,82,0,3.36
447,Vicosa,BR,2020-07-08 02:45:14,-20.75,-42.88,61.0,99,0,2.1
448,Licheng,CN,2020-07-08 02:45:14,23.3,113.83,93.99,66,75,6.71
449,Simao,CN,2020-07-08 02:45:15,22.79,100.97,75.49,73,100,4.27
450,Ust-Omchug,RU,2020-07-08 02:45:15,61.15,149.63,53.94,64,100,6.78
451,Krasnoarmeysk,RU,2020-07-08 02:45:15,51.02,45.7,77.67,44,46,4.32
452,Mabaruma,GY,2020-07-08 02:45:15,8.2,-59.78,74.12,96,95,2.37
453,Saquarema,BR,2020-07-08 02:45:15,-22.92,-42.51,71.6,94,23,2.24
454,Half Moon Bay,US,2020-07-08 02:45:15,37.46,-122.43,70.0,49,5,10.29
455,Mikkeli,FI,2020-07-08 02:45:15,61.69,27.27,55.99,91,100,1.99
456,Hervey Bay,AU,2020-07-08 02:45:16,-25.3,152.85,66.99,79,38,8.99
457,Bilibino,RU,2020-07-08 02:45:16,68.05,166.44,66.76,40,69,11.16
458,Jinka,ET,2020-07-08 02:45:16,5.65,36.65,63.32,82,92,1.95
459,Batagay-Alyta,RU,2020-07-08 02:45:16,67.8,130.41,61.16,47,100,6.89
460,Hasaki,JP,2020-07-08 02:45:16,35.73,140.83,82.0,88,75,16.11
461,Edson,CA,2020-07-08 02:45:12,53.58,-116.44,59.0,87,1,4.7
462,Berdigestyakh,RU,2020-07-08 02:45:17,62.1,126.7,68.09,42,64,4.21
463,Radhanpur,IN,2020-07-08 02:45:17,23.83,71.6,86.07,71,12,15.21
464,Mariinsk,RU,2020-07-08 02:45:17,56.21,87.75,71.91,60,12,5.12
465,Presidencia Roque Saenz Pena,AR,2020-07-08 02:45:17,-26.79,-60.44,46.53,89,100,7.58
466,Qasigiannguit,GL,2020-07-08 02:45:17,68.82,-51.19,39.2,93,100,3.36
467,Mehamn,NO,2020-07-08 02:45:17,71.04,27.85,48.34,75,86,1.88
468,Slobodskoy,RU,2020-07-08 02:45:18,58.73,50.18,73.06,83,0,6.91
469,Ventspils,LV,2020-07-08 02:45:18,57.39,21.56,55.4,82,39,12.75
470,Alofi,NU,2020-07-08 02:45:18,-19.06,-169.92,78.8,69,75,8.05
471,Tonantins,BR,2020-07-08 02:45:18,-2.87,-67.8,73.45,95,98,1.68
472,Udachnyy,RU,2020-07-08 02:45:18,66.42,112.4,59.0,62,75,8.95
473,Sakete,BJ,2020-07-08 02:45:18,6.74,2.66,72.39,95,100,4.68
474,Shizunai,JP,2020-07-08 02:45:18,42.33,142.37,69.21,91,100,9.4
475,Zdvinsk,RU,2020-07-08 02:45:18,54.7,78.66,68.95,73,0,4.18
476,Grootfontein,NA,2020-07-08 02:45:19,-19.57,18.12,38.35,70,0,3.04
477,Saint Anthony,US,2020-07-08 02:45:19,45.02,-93.22,82.99,61,1,5.82
478,Teguldet,RU,2020-07-08 02:45:19,57.31,88.17,72.07,57,80,6.06
479,Ostrov,RU,2020-07-08 02:45:19,57.34,28.35,55.4,82,100,4.47
480,Adrar,MR,2020-07-08 02:45:19,20.5,-10.07,92.89,11,0,5.86
481,Kokoda,PG,2020-07-08 02:45:19,-8.88,147.74,83.01,60,72,4.97
482,Bogale,MM,2020-07-08 02:41:30,16.28,95.4,78.62,88,100,10.11
483,Lorengau,PG,2020-07-08 02:45:20,-2.02,147.27,85.28,72,24,11.45
484,Camocim,BR,2020-07-08 02:45:20,-2.9,-40.84,75.09,79,2,6.89
485,El Playon,CO,2020-07-08 02:45:20,7.47,-73.2,70.32,77,97,5.23
486,Melfi,IT,2020-07-08 02:45:20,41.0,15.65,64.4,77,5,10.29
487,Pineville,US,2020-07-08 02:45:20,31.32,-92.43,75.99,88,1,6.93
488,Marseille,FR,2020-07-08 02:45:20,43.33,5.5,70.0,63,86,3.36
489,Den Helder,NL,2020-07-08 02:45:20,52.96,4.76,54.0,100,90,3.36
490,Rujewa,TZ,2020-07-08 02:45:21,-8.7,34.38,61.97,63,45,7.36
491,Seoul,KR,2020-07-08 02:44:56,37.57,126.98,82.4,61,75,7.43
492,Jalu,LY,2020-07-08 02:45:21,29.03,21.55,70.11,83,0,10.38
493,Polyanka,UA,2020-07-08 02:45:21,50.26,27.69,50.36,94,53,8.88
494,Marsh Harbour,BS,2020-07-08 02:45:21,26.54,-77.06,84.16,73,83,7.18
495,Coquimbo,CL,2020-07-08 02:45:21,-29.95,-71.34,51.8,76,81,3.36
496,Petropavlovsk-Kamchatskiy,RU,2020-07-08 02:45:21,53.05,158.65,59.0,87,75,13.42
497,Tahe,CN,2020-07-08 02:45:22,52.33,124.73,85.24,25,4,4.0
498,Willemstad,CW,2020-07-08 02:41:58,12.11,-68.93,80.6,78,20,14.99
499,Tynda,RU,2020-07-08 02:45:22,55.17,124.72,77.72,38,57,4.56
500,Jurbarkas,LT,2020-07-08 02:45:22,55.08,22.77,48.25,93,35,7.23
501,Senno,RU,2020-07-08 02:45:22,59.53,33.92,54.81,98,100,11.01
502,Kirando,TZ,2020-07-08 02:45:22,-7.42,30.6,69.73,53,11,6.53
503,Chanthaburi,TH,2020-07-08 02:45:23,12.83,102.17,86.0,79,40,1.12
504,Galesong,ID,2020-07-08 02:45:23,-5.32,119.37,86.0,74,20,3.36
505,Carahue,CL,2020-07-08 02:45:23,-38.7,-73.17,42.8,100,90,11.41
506,Sivas,TR,2020-07-08 02:42:32,39.79,37.0,60.8,63,20,9.17
507,Song Phi Nong,TH,2020-07-08 02:45:23,14.22,100.02,93.99,58,54,7.92
508,Amasya,TR,2020-07-08 02:45:23,40.67,35.83,71.6,73,40,11.41
509,Mafinga,TZ,2020-07-08 02:45:23,-7.25,35.07,60.21,70,9,3.29
510,Krivosheino,RU,2020-07-08 02:45:24,57.34,83.93,70.99,68,90,5.3
511,Cururupu,BR,2020-07-08 02:45:24,-1.83,-44.87,72.43,92,41,0.36
512,Pacific Grove,US,2020-07-08 02:45:24,36.62,-121.92,60.8,77,75,12.75
513,Grand Gaube,MU,2020-07-08 02:45:24,-20.01,57.66,71.01,81,2,5.99
514,Kisesa,TZ,2020-07-08 02:45:24,-3.08,34.15,61.45,72,4,8.75
515,Volot,RU,2020-07-08 02:45:24,57.93,30.7,54.61,88,100,3.98
516,Dalgopol,BG,2020-07-08 02:45:24,43.05,27.35,60.8,77,10,9.17
517,Caravelas,BR,2020-07-08 02:45:25,-17.71,-39.25,69.01,83,0,4.14
518,Umm Lajj,SA,2020-07-08 02:45:25,25.02,37.27,78.21,55,0,2.06
519,Manta,EC,2020-07-08 02:43:55,-0.95,-80.73,71.35,85,94,9.33
520,Mufulira,ZM,2020-07-08 02:45:25,-12.55,28.24,47.03,73,0,4.5
521,Pucallpa,PE,2020-07-08 02:45:25,-8.38,-74.55,73.15,89,62,2.17
522,Marystown,CA,2020-07-08 02:45:25,47.17,-55.15,54.91,85,91,2.3
523,Berlevag,NO,2020-07-08 02:45:26,70.86,29.09,47.73,84,100,4.7
524,Tsiroanomandidy,MG,2020-07-08 02:45:26,-18.77,46.03,57.78,84,0,2.53
525,Hurricane,US,2020-07-08 02:45:26,37.18,-113.29,100.4,5,1,20.8
526,Derzhavinsk,KZ,2020-07-08 02:45:26,51.1,66.32,72.61,60,2,8.97
527,Mount Darwin,ZW,2020-07-08 02:45:26,-16.77,31.58,51.76,83,0,3.76
528,Kudahuvadhoo,MV,2020-07-08 02:45:27,2.67,72.89,83.88,70,64,5.91
529,Scottsbluff,US,2020-07-08 02:45:27,41.87,-103.67,87.8,22,1,21.92
530,Portland,US,2020-07-08 02:44:29,45.52,-122.68,68.0,68,75,5.82
531,Buin,CL,2020-07-08 02:45:27,-33.73,-70.75,46.4,87,75,3.36
532,Kathu,TH,2020-07-08 02:45:27,7.92,98.33,84.99,88,40,10.29
533,Tibati,CM,2020-07-08 02:45:28,6.47,12.63,66.07,97,100,1.99
534,Celestun,MX,2020-07-08 02:45:28,20.87,-90.4,83.98,76,57,14.12
535,Kiyasovo,RU,2020-07-08 02:45:28,56.35,53.12,73.0,81,0,5.95
536,Camacari,BR,2020-07-08 02:45:28,-12.7,-38.32,77.0,78,90,10.29
537,Adre,TD,2020-07-08 02:45:28,13.47,22.2,77.02,69,6,6.85
538,Shache,CN,2020-07-08 02:45:28,38.42,77.24,88.03,15,96,12.95
539,Canutama,BR,2020-07-08 02:45:29,-6.53,-64.38,76.17,77,67,2.26
540,Concepcion Del Oro,MX,2020-07-08 02:45:29,24.63,-101.42,64.72,67,85,13.04
541,Tautira,PF,2020-07-08 02:45:29,-17.73,-149.15,82.4,65,20,8.05
542,Tonj,SS,2020-07-08 02:45:29,7.27,28.68,68.65,95,89,3.94
543,Naldurg,IN,2020-07-08 02:45:29,17.82,76.3,79.02,76,32,13.33
544,Oistins,BB,2020-07-08 02:45:03,13.07,-59.53,80.6,83,40,6.93
545,Shamkhal,RU,2020-07-08 02:45:30,43.06,47.34,73.4,64,0,6.71
546,Pangnirtung,CA,2020-07-08 02:45:30,66.15,-65.71,45.73,75,100,1.34
547,Chumikan,RU,2020-07-08 02:45:30,54.72,135.31,52.81,75,59,10.54
548,Doka,SD,2020-07-08 02:45:30,13.52,35.77,72.7,85,100,13.91
549,Madona,LV,2020-07-08 02:45:30,56.85,26.22,48.58,96,66,4.21
550,Victor Harbor,AU,2020-07-08 02:45:31,-35.57,138.62,55.99,68,0,5.14
551,Lukaya,UG,2020-07-08 02:45:31,-0.15,31.87,69.8,83,75,3.36
552,Maningrida,AU,2020-07-08 02:45:31,-12.07,134.27,83.89,48,46,9.82
553,Kahului,US,2020-07-08 02:45:31,20.89,-156.47,81.0,73,5,15.99
554,Opuwo,NA,2020-07-08 02:45:31,-18.06,13.84,50.94,39,0,7.23
555,Marsa Matruh,EG,2020-07-08 02:45:31,31.35,27.25,75.2,78,40,5.82
556,Hwange,ZW,2020-07-08 02:45:32,-18.37,26.5,50.38,74,0,2.1
557,Ekhabi,RU,2020-07-08 02:45:32,53.51,142.97,58.64,77,85,9.62
558,Inhambane,MZ,2020-07-08 02:45:32,-23.86,35.38,67.08,81,0,11.48
559,Unisan,PH,2020-07-08 02:45:32,13.84,121.98,88.0,75,100,3.0
560,Bandarbeyla,SO,2020-07-08 02:45:32,9.49,50.81,82.0,57,0,23.8
561,Zhaodong,CN,2020-07-08 02:45:32,46.08,125.98,77.0,61,0,4.47
562,Traverse City,US,2020-07-08 02:45:32,44.76,-85.62,77.0,78,75,0.22
563,Sakaiminato,JP,2020-07-08 02:45:33,35.55,133.23,80.6,69,75,5.82
564,Mingguang,CN,2020-07-08 02:45:33,32.78,117.96,81.5,82,99,11.03
565,Kendari,ID,2020-07-08 02:45:33,-3.94,122.5,82.72,75,74,2.82
566,Itea,GR,2020-07-08 02:45:33,38.43,22.42,77.0,57,0,3.0
567,Mitsamiouli,KM,2020-07-08 02:45:34,-11.38,43.28,78.76,79,97,10.31
568,Caborca,MX,2020-07-08 02:45:34,30.58,-111.1,97.0,33,24,5.99
569,Keflavik,IS,2020-07-08 02:45:34,64.0,-22.56,48.2,81,75,9.17
570,Kabinda,CD,2020-07-08 02:45:34,-6.13,24.48,65.66,50,0,2.28
571,Sambava,MG,2020-07-08 02:45:34,-14.27,50.17,73.13,88,100,12.88
572,Samarai,PG,2020-07-08 02:45:34,-10.62,150.67,78.93,84,82,16.69
573,Grindavik,IS,2020-07-08 02:45:35,63.84,-22.43,46.4,81,75,9.17
574,Cabedelo,BR,2020-07-08 02:45:35,-6.98,-34.83,74.61,83,15,4.34
575,San Policarpo,PH,2020-07-08 02:45:35,12.18,125.51,85.53,71,97,7.09
576,Flin Flon,CA,2020-07-08 02:45:35,54.77,-101.86,69.37,52,96,2.98
